hA,wA/hB,wB,Time A (malloc and memcpy),Time B (malloc and memcpy),Time Kernel,Time A (malloc and init_matrix),Time B (malloc and init_matrix),Time CPU
512,512,512,2.371691,1.218628,1.221389,1.519781,1.521913,1.442962
1024,1024,1024,2.242563,0.726649,0.733354,1.753018,1.756337,2.392801
2048,2048,2048,0.691786,1.198683,1.234648,0.144413,0.160329,79.301734
4096,4096,4096,2.241262,0.839637,1.070161,1.492756,1.552577,677.518267
