hA,wA/hB,wB,Time A (malloc and memcpy),Time B (malloc and memcpy),Time Kernel,Time A (malloc and init_matrix),Time B (malloc and init_matrix),Time CPU
4096,1024,2048,2.587295,1.402876,1.439406,1.692877,1.715686,15.80301
1024,1024,1024,0.911293,1.487529,1.49501,0.317732,0.323781,3.109338
8192,512,4096,1.496829,1.982316,2.053372,0.812511,0.822892,28.298876
